<?xml version="1.0" encoding="UTF-8"?>
<Configuration status="ERROR">
    <Appenders>
        <Console name="Console" target="SYSTEM_OUT">
            <PatternLayout pattern="%d{HH:mm:ss} [%t] %-5level %logger{1} - %msg%n"/>
        </Console>
        <File name="File" fileName="telegram-bot.log" immediateFlush="false" append="true">
            <PatternLayout pattern="%d{yyy-MM-dd HH:mm:ss} [%t] %-5level %logger{1}:%L - %msg%n"/>
        </File>
    </Appenders>
    <Loggers>
        <Root level="ERROR">
            <AppenderRef ref="Console"/>
            <AppenderRef ref="File"/>
        </Root>
    </Loggers>
</Configuration>
